<?xml version="1.0" encoding="UTF-8"?><bookmarks><file xmlns="http://www.w3.org/1999/xhtml" absolutepath="/Users/ayarcebotero/Dropbox/2020/ENKS_MC_paper/EnKS-MC/Graficos_Colombias_BLH/Plot_Apolo_LOTOS_V3.m"></file><file xmlns="http://www.w3.org/1999/xhtml" absolutepath="/Users/ayarcebotero/Dropbox/2020/ENKS_MC_paper/EnKS-MC/Graficos_Colombias_BLH/Map_3D_mean_period.m"></file><file xmlns="http://www.w3.org/1999/xhtml" absolutepath="/Users/ayarcebotero/Dropbox/2021/PostDoc/LOTOS_HARMONIE/Cabauw/Lectura_cabaw_V4_wind_speed.m"></file><file xmlns="http://www.w3.org/1999/xhtml" absolutepath="/Users/ayarcebotero/Dropbox/2021/PostDoc/LOTOS_HARMONIE/Cabauw/Lectura_cabaw_V4_specific_humidity.m"></file><file xmlns="http://www.w3.org/1999/xhtml" absolutepath="/Users/ayarcebotero/Dropbox/2021/PostDoc/LOTOS_HARMONIE/Cabauw/Lectura_cabaw_V4_temperature.m"></file><file xmlns="http://www.w3.org/1999/xhtml" absolutepath="/Users/ayarcebotero/Dropbox/2020/ENKS_MC_paper/EnKS-MC/EnKS-MC_new/EnKF_LORENZ_96_seguridad.m"></file><file xmlns="http://www.w3.org/1999/xhtml" absolutepath="/Users/ayarcebotero/Dropbox/2020/ENKS_MC_paper/EnKS-MC/Perturbing_Parameter_V3.m"></file><file xmlns="http://www.w3.org/1999/xhtml" absolutepath="/Users/ayarcebotero/Dropbox/2020/ENKS_MC_paper/EnKS-MC/Perturbing_Parameter_V2.m"></file><file xmlns="http://www.w3.org/1999/xhtml" absolutepath="/Users/ayarcebotero/Dropbox/2020/ENKS_MC_paper/EnKS-MC/Lorenz96_app.m"></file><file xmlns="http://www.w3.org/1999/xhtml" absolutepath="/Users/ayarcebotero/Dropbox/2020/ENKS_MC_paper/EnKS-MC/EnKS_MC.mlapp"></file><file xmlns="http://www.w3.org/1999/xhtml" absolutepath="/Users/ayarcebotero/Dropbox/2020/ENKS_MC_paper/EnKS-MC/EnKS-MC_new/EnKS_MC_Andres_V3.m"></file><file xmlns="http://www.w3.org/1999/xhtml" absolutepath="/Users/ayarcebotero/Dropbox/2020/ENKS_MC_paper/EnKS-MC/EnKS-MC_new/EnKS_MC_Andres_V6.m"></file><file xmlns="http://www.w3.org/1999/xhtml" absolutepath="/Users/ayarcebotero/Dropbox/2020/ENKS_MC_paper/EnKS-MC/EnKS_MC_Andres_V5.m"></file><file xmlns="http://www.w3.org/1999/xhtml" absolutepath="/Users/ayarcebotero/Dropbox/2020/ENKS_MC_paper/EnKS-MC/EnKS-MC_new/EnKF_LORENZ_96_Cholesky.m"></file><file xmlns="http://www.w3.org/1999/xhtml" absolutepath="/Users/ayarcebotero/Dropbox/2020/ENKS_MC_paper/EnKS-MC/EnKS-MC_new/EnKF_LORENZ_96_Cholesky_V3.m"></file><file xmlns="http://www.w3.org/1999/xhtml" absolutepath="/Users/ayarcebotero/Dropbox/2020/ENKS_MC_paper/EnKS-MC/EnKS-MC_new/EnKF_LORENZ_96_Cholesky_V4.m"></file><file xmlns="http://www.w3.org/1999/xhtml" absolutepath="/Users/ayarcebotero/Dropbox/2020/ENKS_MC_paper/EnKS-MC/EnKS_MC_V2.mlapp"></file><file xmlns="http://www.w3.org/1999/xhtml" absolutepath="/Users/ayarcebotero/Dropbox/2022/DA_GUI_GITHUB/DALo96/Code/DALo96.mlapp"></file><file xmlns="http://www.w3.org/1999/xhtml" absolutepath="/Users/ayarcebotero/Dropbox/2022/DA_GUI_GITHUB/DALo96/Code/calc_RMSE.m"></file><file xmlns="http://www.w3.org/1999/xhtml" absolutepath="/Users/ayarcebotero/Dropbox/2020/ENKS_MC_paper/EnKS-MC/Perturbing_Parameter.m"></file><file xmlns="http://www.w3.org/1999/xhtml" absolutepath="/Users/ayarcebotero/Dropbox/2020/ENKS_MC_paper/EnKS-MC/Perturbing_Parameter_V4.m"></file><file xmlns="http://www.w3.org/1999/xhtml" absolutepath="/Users/ayarcebotero/Dropbox/2020/ENKS_MC_paper/EnKS-MC/Perturbing_Parameter_V5.m"></file><file xmlns="http://www.w3.org/1999/xhtml" absolutepath="/Users/ayarcebotero/Dropbox/2020/ENKS_MC_paper/EnKS-MC/Perturbing_Parameter_V6.m"></file><file xmlns="http://www.w3.org/1999/xhtml" absolutepath="/Users/ayarcebotero/Dropbox/2020/4DENVAR_PAPER/Calculo_Estadisticos_Error.m"></file><file xmlns="http://www.w3.org/1999/xhtml" absolutepath="/Users/ayarcebotero/Dropbox/2020/4DENVAR_PAPER/Calculo_Estadisticos_Error_Mapas_en_Matlab.m"></file><file xmlns="http://www.w3.org/1999/xhtml" absolutepath="/Users/ayarcebotero/Documents/readLSM.m"></file><file xmlns="http://www.w3.org/1999/xhtml" absolutepath="/Users/ayarcebotero/Dropbox/2022/DA_GUI_GITHUB/DALo96/Code/Perturbing_Parameter_V6.m"></file><file xmlns="http://www.w3.org/1999/xhtml" absolutepath="/Users/ayarcebotero/Dropbox/2021/PostDoc/LOTOS_HARMONIE/Cabauw/Lectura_cabaw_V6_LOTOS_columns_compare.m"></file><file xmlns="http://www.w3.org/1999/xhtml" absolutepath="/Users/ayarcebotero/Dropbox/2021/PostDoc/LOTOS_HARMONIE/Cabauw/Lectura_cabaw_V7_compare.m"></file><file xmlns="http://www.w3.org/1999/xhtml" absolutepath="/Users/ayarcebotero/Dropbox/2021/PostDoc/Codes/Plot_Snellius.m"></file><file xmlns="http://www.w3.org/1999/xhtml" absolutepath="/Users/ayarcebotero/Dropbox/2021/PostDoc/LOTOS_HARMONIE/Cabauw/Lectura_cabaw_V4_wind_direction_speed.m"></file><file xmlns="http://www.w3.org/1999/xhtml" absolutepath="/Users/ayarcebotero/CSO-gridded/untitled.m"></file><file xmlns="http://www.w3.org/1999/xhtml" absolutepath="/Users/ayarcebotero/CSO-gridded/redblue.m"></file><file xmlns="http://www.w3.org/1999/xhtml" absolutepath="/Users/ayarcebotero/CSO-gridded/plots_EnKS_winds_V1.m"></file><file xmlns="http://www.w3.org/1999/xhtml" absolutepath="/Users/ayarcebotero/CSO-gridded/plots_EnKS_winds_V1_region_Venezuela.m"></file><file xmlns="http://www.w3.org/1999/xhtml" absolutepath="/Users/ayarcebotero/CSO-gridded/plots_EnKS_winds_V1_region_Venezuela_20190201.m"></file><file xmlns="http://www.w3.org/1999/xhtml" absolutepath="/Users/ayarcebotero/CSO-gridded/plots_EnKS_winds_V1_region_Venezuela_20190202.m"></file><file xmlns="http://www.w3.org/1999/xhtml" absolutepath="/Users/ayarcebotero/CSO-gridded/plots_EnKS_winds_V1_region_Venezuela_20190203.m"></file><file xmlns="http://www.w3.org/1999/xhtml" absolutepath="/Users/ayarcebotero/CSO-gridded/plots_EnKS_winds_V1_region_Venezuela_20190204.m"></file><file xmlns="http://www.w3.org/1999/xhtml" absolutepath="/Users/ayarcebotero/CSO-gridded/plots_EnKS_winds_V1_region_Venezuela_20190201_inside_polygon.m"></file><file xmlns="http://www.w3.org/1999/xhtml" absolutepath="/Users/ayarcebotero/CSO-gridded/quivermc.m"></file><file xmlns="http://www.w3.org/1999/xhtml" absolutepath="/Users/ayarcebotero/Dropbox/2022/ADVECTION_DIFFUSION_MODEL/Method_Andres/Wind_PlumeDrivenDA.m"></file><file xmlns="http://www.w3.org/1999/xhtml" absolutepath="/Users/ayarcebotero/Dropbox/2022/ADVECTION_DIFFUSION_MODEL/Method_Andres/Advection_Diffusion_Deposition.m"></file><file xmlns="http://www.w3.org/1999/xhtml" absolutepath="/Users/ayarcebotero/CSO-gridded/gridedmean/CountPixels.m"></file><file xmlns="http://www.w3.org/1999/xhtml" absolutepath="/Users/ayarcebotero/CSO-gridded/gridedmean/CountPixels_V2.m"></file><file xmlns="http://www.w3.org/1999/xhtml" absolutepath="/Users/ayarcebotero/compare/blh/blh_Comparison_meteo.m"></file><file xmlns="http://www.w3.org/1999/xhtml" absolutepath="/Users/ayarcebotero/Dropbox/2022/ADVECTION_DIFFUSION_MODEL/Test_Stoica_V2.m"></file><file xmlns="http://www.w3.org/1999/xhtml" absolutepath="/Users/ayarcebotero/Dropbox/2022/ADVECTION_DIFFUSION_MODEL/Function_Advection_Diffusion_2D_V3.m"></file><file xmlns="http://www.w3.org/1999/xhtml" absolutepath="/Users/ayarcebotero/Dropbox/2022/ADVECTION_DIFFUSION_MODEL/Test_Stoica_Auto_V2.m"></file><file xmlns="http://www.w3.org/1999/xhtml" absolutepath="/Users/ayarcebotero/Dropbox/2022/ADVECTION_DIFFUSION_MODEL/Test_Andres_EnKS_Wind_DA.m"></file><file xmlns="http://www.w3.org/1999/xhtml" absolutepath="/Users/ayarcebotero/Dropbox/2022/ADVECTION_DIFFUSION_MODEL/Method_Andres/Test_Stoica_Auto_V2.m"></file><file xmlns="http://www.w3.org/1999/xhtml" absolutepath="/Users/ayarcebotero/Dropbox/2022/ADVECTION_DIFFUSION_MODEL/Method_Andres/Function_Advection_Diffusion_2D_V3.m"></file><file xmlns="http://www.w3.org/1999/xhtml" absolutepath="/Users/ayarcebotero/Dropbox/2022/ADVECTION_DIFFUSION_MODEL/Function_Advection_Diffusion_2D_Proof_covarince_V3.m"></file><file xmlns="http://www.w3.org/1999/xhtml" absolutepath="/Users/ayarcebotero/Dropbox/2022/ADVECTION_DIFFUSION_MODEL/Create_Matriz_T_2D_V2.m"></file><file xmlns="http://www.w3.org/1999/xhtml" absolutepath="/Users/ayarcebotero/Dropbox/2022/ADVECTION_DIFFUSION_MODEL/Method_Andres/Graph_comparison_Scenarios_V2.m"></file><file xmlns="http://www.w3.org/1999/xhtml" absolutepath="/Users/ayarcebotero/Dropbox/2022/ADVECTION_DIFFUSION_MODEL/Method_Andres/Function_Advection_Diffusion_2D_Proof_covarince_V3.m"></file><file xmlns="http://www.w3.org/1999/xhtml" absolutepath="/Users/ayarcebotero/Dropbox/2022/ADVECTION_DIFFUSION_MODEL/Method_Andres/Wind_PlumeDrivenDA_from_zero.m"></file><file xmlns="http://www.w3.org/1999/xhtml" absolutepath="/Users/ayarcebotero/Dropbox/2022/ADVECTION_DIFFUSION_MODEL/Method_Andres/Advection_Diffusion_Deposition_real.m"></file><file xmlns="http://www.w3.org/1999/xhtml" absolutepath="/Users/ayarcebotero/Dropbox/2022/ADVECTION_DIFFUSION_MODEL/Method_Andres/Advection_Diffusion_Deposition_real_V1.m"></file><file xmlns="http://www.w3.org/1999/xhtml" absolutepath="/Users/ayarcebotero/Dropbox/2022/ADVECTION_DIFFUSION_MODEL/Method_Andres/Advection_Diffusion_Deposition_V2.m"></file><file xmlns="http://www.w3.org/1999/xhtml" absolutepath="/Users/ayarcebotero/Dropbox/2022/ADVECTION_DIFFUSION_MODEL/Method_Andres/Wind_PlumeDrivenDA_V2.m"></file><file xmlns="http://www.w3.org/1999/xhtml" absolutepath="/Users/ayarcebotero/Dropbox/2022/ADVECTION_DIFFUSION_MODEL/Method_Andres/Wind_PlumeDrivenDA_V3.m"></file><file xmlns="http://www.w3.org/1999/xhtml" absolutepath="/Users/ayarcebotero/Dropbox/2021/Curso_Modelado_Ambiental/202102/Parcial/Advection_Diffusion_2D_Parcial_curso.m"></file><file xmlns="http://www.w3.org/1999/xhtml" absolutepath="/Users/ayarcebotero/Dropbox/2021/Curso_Modelado_Ambiental/202102/Parcial/Advection_Diffusion_2D_Parcial_curso_tesis_smoother.m"></file><file xmlns="http://www.w3.org/1999/xhtml" absolutepath="/Users/ayarcebotero/Dropbox/2022/ADVECTION_DIFFUSION_MODEL/Method_Andres/Wind_PlumeDrivenDA_V4.m"></file><file xmlns="http://www.w3.org/1999/xhtml" absolutepath="/Users/ayarcebotero/Dropbox/2022/ADVECTION_DIFFUSION_MODEL/Method_Andres/Advection_Diffusion_Deposition_V2_wind_directions.m"></file><file xmlns="http://www.w3.org/1999/xhtml" absolutepath="/Users/ayarcebotero/Dropbox/2022/ADVECTION_DIFFUSION_MODEL/Method_Andres/Wind_PlumeDrivenDA_V5.m"></file><file xmlns="http://www.w3.org/1999/xhtml" absolutepath="/Users/ayarcebotero/Dropbox/2022/ADVECTION_DIFFUSION_MODEL/Method_Andres/Advection_Diffusion_Deposition_real_V2.m"></file><file xmlns="http://www.w3.org/1999/xhtml" absolutepath="/Users/ayarcebotero/Dropbox/2022/ExpoR2TROPOMI/Compare_Colorbar.m"></file><file xmlns="http://www.w3.org/1999/xhtml" absolutepath="/Users/ayarcebotero/Dropbox/2022/ADVECTION_DIFFUSION_MODEL/Method_Andres/Wind_PlumeDrivenDA_V6.m"></file><file xmlns="http://www.w3.org/1999/xhtml" absolutepath="/Users/ayarcebotero/Dropbox/2022/ADVECTION_DIFFUSION_MODEL/Method_Andres/Wind_PlumeDrivenDA_V7.m"></file><file xmlns="http://www.w3.org/1999/xhtml" absolutepath="/Users/ayarcebotero/Dropbox/2022/ADVECTION_DIFFUSION_MODEL/Method_Andres/Wind_PlumeDrivenDA_V8.m"></file><file xmlns="http://www.w3.org/1999/xhtml" absolutepath="/Users/ayarcebotero/Dropbox/2022/ADVECTION_DIFFUSION_MODEL/Method_Andres/Wind_PlumeDrivenDA_V9.m"></file><file xmlns="http://www.w3.org/1999/xhtml" absolutepath="/Users/ayarcebotero/Dropbox/2022/PIPP/compare_wind_pbl/Ventilation_factor.m"></file><file xmlns="http://www.w3.org/1999/xhtml" absolutepath="/Users/ayarcebotero/Dropbox/2022/ADVECTION_DIFFUSION_MODEL/Method_Andres/wind_divergence.m"></file><file xmlns="http://www.w3.org/1999/xhtml" absolutepath="/Users/ayarcebotero/Dropbox/2022/ADVECTION_DIFFUSION_MODEL/Method_Andres/Wind_div.m"></file><file xmlns="http://www.w3.org/1999/xhtml" absolutepath="/Users/ayarcebotero/Downloads/Wind_PlumeDrivenDA_V9.m"></file><file xmlns="http://www.w3.org/1999/xhtml" absolutepath="/Users/ayarcebotero/Downloads/Advection_Diffusion_Deposition_V2_wind_directions.m"></file><file xmlns="http://www.w3.org/1999/xhtml" absolutepath="/Users/ayarcebotero/Downloads/Wind_PlumeDrivenDA_V10.m"></file><file xmlns="http://www.w3.org/1999/xhtml" absolutepath="/Users/ayarcebotero/Downloads/Advection_Diffusion_Deposition_V2_wind_directions___.m"></file><file xmlns="http://www.w3.org/1999/xhtml" absolutepath="/Users/ayarcebotero/Downloads/Wind_PlumeDrivenDA_V10__.m"></file><file xmlns="http://www.w3.org/1999/xhtml" absolutepath="/Users/ayarcebotero/Dropbox/2022/ADVECTION_DIFFUSION_MODEL/Method_Andres/Parameter_estimation/Wind_PlumeDrivenDA_V10.m"></file><file xmlns="http://www.w3.org/1999/xhtml" absolutepath="/Users/ayarcebotero/Dropbox/2022/ADVECTION_DIFFUSION_MODEL/Method_Andres/Parameter_estimation/Advection_Diffusion_Deposition_V2_wind_directions.m"></file><file xmlns="http://www.w3.org/1999/xhtml" absolutepath="/Users/ayarcebotero/Dropbox/2022/ADVECTION_DIFFUSION_MODEL/Method_Andres/Parameter_estimation/Wind_PlumeDrivenDA_V11.m"></file><file xmlns="http://www.w3.org/1999/xhtml" absolutepath="/Users/ayarcebotero/Dropbox/2022/ADVECTION_DIFFUSION_MODEL/Method_Andres/Parameter_estimation/Advection_Diffusion_Deposition_real_V2.m"></file><file xmlns="http://www.w3.org/1999/xhtml" absolutepath="/Users/ayarcebotero/Dropbox/2022/DALo96/DALo96/Code/DALo96.mlapp"></file><file xmlns="http://www.w3.org/1999/xhtml" absolutepath="/Users/ayarcebotero/Dropbox/2022/DALo96/DALo96/Code/Perturbing_Parameter_V6.m"></file><file xmlns="http://www.w3.org/1999/xhtml" absolutepath="/Users/ayarcebotero/Dropbox/2022/DALo96/DALo96/Code/DALo96_v0.mlapp"></file></bookmarks>